Sequence Id,File Size (MB),Habitat Type,Geographic Location,Sample Location,Country,Filter Size,Latitude,Longitude,Depth (m),Wat. Dep. (m),Chlorophyll (ug/kg),Salin. (psu),Temp (C),Coll. Date,H0: Secondary Metabolism,H0: Protein Metabolism,H0: Potassium metabolism,H0: Carbohydrates,H0: Cofactors + Vitamins + Prosthetic Groups + Pigments,H0: Membrane Transport,H0: Fatty Acids and Lipids,H0: Phosphorus Metabolism,H0: Nucleosides and Nucleotides,H0: Motility and Chemotaxis,H0: Miscellaneous,H0: Cell Wall and Capsule,H0: Virulence,H0: RNA Metabolism,H0: Respiration,H0: Regulation and Cell signaling,H0: Unclassified,H0: Amino Acids and Derivatives,H0: DNA Metabolism,H0: Nitrogen Metabolism,H0: Photosynthesis,H0: Metabolism of Aromatic Compounds,H0: Sulfur Metabolism,H0: Macromolecular Synthesis,H0: Stress Response,H0: Clustering-based subsystems,H0: Prophage,H0: Cell Division and Cell Cycle
GS002,150.2,Coastal,North American East Coast,Gulf of Maine,Canada,0.1 - 0.8,42.5031,-67.24,1,106,1.4,29.2,18.2,8/21/2003,0.000644057,0.084669882,0.00446127,0.117359682,0.063306053,0.020971112,0.013336685,0.011498767,0.044251402,0.011655854,0.00386434,0.048885468,0.041753719,0.041910806,0.039067532,0.011750106,0.048712672,0.105609576,0.04813145,0.006142101,0.002906109,0.013525189,0.013823654,0.0010839,0.015677281,0.165444006,,0.019557329
GS003,108.4,Coastal,North American East Coast,"Browns Bank, Gulf of Maine",Canada,0.1 - 0.8,42.8528,-66.21722,1,119,1.4,29.9,11.7,8/21/2003,0.000403924,0.082602424,0.004558569,0.117484132,0.062694749,0.020311598,0.01627236,0.012925563,0.039873053,0.012723601,0.004443162,0.049451818,0.04965378,0.045008656,0.035804962,0.011050202,0.046912868,0.104039238,0.046595499,0.005135603,0.001759954,0.014368148,0.013329486,0.001961916,0.018205424,0.16390652,,0.018522793
GS004,92.8,Coastal,North American East Coast,"Outside Halifax, Nova Scotia",Canada,0.1 - 0.8,44.1372,-63.64444,2,142,0.4,28.3,17.3,8/22/2003,0.000686836,0.092526574,0.004971382,0.124317253,0.064529845,0.022044154,0.01625511,0.013900245,0.037187244,0.010564186,0.003499591,0.045527392,0.045952576,0.043008994,0.037939493,0.013475061,0.049354047,0.100081766,0.04212592,0.006606705,0.002289452,0.01422731,0.014161897,0.001766149,0.016941946,0.160425184,,0.015633688
GS005,107.1,Embayment,North American East Coast,"Bedford Basin, Nova Scotia",Canada,0.1 - 0.8,44.6903,-63.63722,1,64,6,30.2,15,8/22/2003,0.000770158,0.081435842,0.005357621,0.108592285,0.06191401,0.019488347,0.012992231,0.014432092,0.041320654,0.014967854,0.004286097,0.04664479,0.056623359,0.045640236,0.034556657,0.013661934,0.05062952,0.096236271,0.051332708,0.005926868,0.000904099,0.013427538,0.01259041,0.00123895,0.018048486,0.169267345,,0.017713635
GS006,104.8,Estuary,North American East Coast,"Bay of Fundy, Nova Scotia",Canada,0.1 - 0.8,45.1117,-64.94667,1,11,2.8,,11.2,8/23/2003,0.000613628,0.087588709,0.004935702,0.11992423,0.063016915,0.021210181,0.016007684,0.012032442,0.039218825,0.010911904,0.004588869,0.049250307,0.042793874,0.042553759,0.042180247,0.010991943,0.048209807,0.110479697,0.045088309,0.005949522,0.001333974,0.013419775,0.012059122,0.000773705,0.014860466,0.160717144,5.34E-05,0.0192359
GS007,89.7,Coastal,North American East Coast,Northern Gulf of Maine,Canada,0.1 - 0.8,43.6322,-66.84722,1,139,1.4,31.7,17.9,8/25/2003,0.000331138,0.085838331,0.004525553,0.125133375,0.059972773,0.021597557,0.014165348,0.010191692,0.043489459,0.015453107,0.00507745,0.042974355,0.044114942,0.041429044,0.040766768,0.012804003,0.050921667,0.105522646,0.041576217,0.005813312,0.003568932,0.015857831,0.015894625,0.001361345,0.018580522,0.157400935,,0.015637073
GS008,160.6,Coastal,North American East Coast,"Newport Harbor, RI",USA,0.1 - 0.8,41.4858,-71.35111,1,12,2.2,26.5,9.4,11/16/2003,0.000645782,0.085775065,0.005862689,0.123964849,0.060412288,0.023779978,0.014954289,0.013877985,0.033150151,0.016093904,0.005216907,0.036442373,0.051232051,0.041950515,0.041456682,0.014827665,0.055144731,0.099779674,0.041292071,0.007268215,0.001050979,0.019322815,0.017562742,0.001836047,0.021690683,0.149441588,3.80E-05,0.015929293
GS009,98.6,Coastal,North American East Coast,"Block Island, NY",USA,0.1 - 0.8,41.0911,-71.60222,1,32,4,31,11,11/17/2003,0.000967305,0.091829496,0.00481503,0.114163496,0.063498205,0.022570452,0.016680639,0.012682444,0.039616517,0.008963694,0.00466456,0.046366157,0.042905355,0.044539025,0.04178758,0.01220954,0.050342856,0.107370865,0.041981041,0.007695449,0.001311236,0.011930096,0.014230133,0.001397218,0.016422691,0.161582941,4.30E-05,0.017432987
GS010,96.2,Coastal,North American East Coast,"Cape May, NJ",USA,0.1 - 0.8,38.94,-74.685,1,10,2,31,12,11/18/2003,0.000679838,0.0884407,0.004120228,0.119898642,0.060526153,0.020807153,0.015389053,0.015533261,0.03664943,0.009970952,0.004120228,0.046167158,0.04620836,0.043056385,0.046043551,0.010176964,0.049854762,0.108753425,0.042252941,0.007004388,0.001174265,0.012978719,0.012484292,0.000947652,0.01697534,0.160565295,4.12E-05,0.019179663
GS011,155.6,Estuary,North American East Coast,"Delaware Bay, NJ",USA,0.1 - 0.8,39.4178,-75.50417,1,8,4.8,,11,11/18/2003,0.000755137,0.091649775,0.005113734,0.116198349,0.062292172,0.020719897,0.012545871,0.018454486,0.041029106,0.011512526,0.003749189,0.050090749,0.038869679,0.044433846,0.043771445,0.009843276,0.04300306,0.100419962,0.049534332,0.005259462,0.000993601,0.012386895,0.011578766,0.000874369,0.018759191,0.165600201,2.65E-05,0.020534425
GS012,158.7,Estuary,North American East Coast,"Chesapeake Bay, MD",USA,0.1 - 0.8,38.9469,-76.41722,13.2,25,21,3.5,1,12/18/2003,0.000772767,0.091356796,0.005081926,0.119385978,0.064820757,0.02001336,0.01198444,0.020052653,0.039646885,0.010727056,0.004007911,0.05084546,0.03938493,0.043890555,0.041349592,0.009299401,0.040341065,0.100132287,0.051683716,0.005370077,0.00081206,0.009823311,0.01227259,0.00081206,0.01791772,0.167022489,,0.021192157
GS013,173.8,Coastal,North American East Coast,"Off Nags Head, NC",USA,0.1 - 0.8,36.0039,-75.39472,2.1,20,3,,9.3,12/19/2003,0.000816815,0.079318543,0.005119678,0.120028005,0.061771613,0.022593678,0.014673493,0.015431964,0.037704751,0.013550373,0.004798786,0.044137167,0.049067227,0.042036786,0.038156916,0.013141965,0.05180939,0.101182923,0.043947549,0.006797065,0.00126898,0.016452982,0.015475722,0.00105019,0.01874298,0.162560714,4.38E-05,0.018319987
GS014,163,Coastal,North American East Coast,"South of Charleston, SC",USA,0.1 - 0.8,32.5069,-79.26389,1,31,1.7,,18.6,12/20/2003,0.000759773,0.090020387,0.003684897,0.124045536,0.062200048,0.02346431,0.015714629,0.017297489,0.039850072,0.010687468,0.004495321,0.046422104,0.041369617,0.040495878,0.043724912,0.010142964,0.049233263,0.106203543,0.041255651,0.007129199,0.002519912,0.012624888,0.012865482,0.001164985,0.016107179,0.156842385,,0.01967811
GS015,160.9,Coastal,Caribbean Sea,"Off Key West, FL",USA,0.1 - 0.8,24.4883,-83.07,1.7,47,0.2,36,25,1/8/2004,0.000587343,0.096568939,0.003621947,0.113871078,0.074837257,0.024594978,0.01441437,0.019333366,0.039266311,0.01090255,0.003866673,0.045788263,0.039768,0.042325388,0.041713573,0.010180608,0.043793745,0.102736038,0.042313152,0.006008027,0.005445157,0.010988204,0.012236308,0.00089325,0.016580197,0.156392247,2.45E-05,0.020948559
GS016,160.3,Coastal Sea,Caribbean Sea,Gulf of Mexico,USA,0.1 - 0.8,24.1747,-84.34444,2,3333,0.16,35.8,26.4,1/8/2004,0.000941915,0.090018315,0.003663004,0.120277342,0.069270016,0.023757195,0.014939822,0.0179618,0.039887493,0.013644689,0.004892726,0.047762951,0.042922554,0.04107797,0.041862899,0.011028257,0.045957614,0.100379383,0.04381214,0.006488749,0.003401361,0.011630037,0.012310309,0.001111983,0.017307692,0.153780743,1.31E-05,0.019897959
GS017,455.7,Open Ocean,Caribbean Sea,Yucatan Channel,Mexico,0.1 - 0.8,20.5225,-85.41361,2,4513,0.13,35.8,27,1/9/2004,0.000959955,0.0915009,0.003814392,0.116688599,0.072314509,0.02395438,0.014386614,0.018836738,0.039923966,0.012682852,0.004399265,0.047438318,0.041996453,0.041519654,0.0406042,0.010883731,0.045492978,0.099930705,0.043484065,0.00581059,0.004621771,0.011862758,0.01171654,0.001258749,0.016808753,0.156606209,3.18E-05,0.020470569
GS018,253.6,Open Ocean,Caribbean Sea,Rosario Bank,Honduras,0.1 - 0.8,18.0367,-83.78472,1.7,4470,0.14,35.4,27.4,1/10/2004,0.000804173,0.092122458,0.003596439,0.119196274,0.069951861,0.023957647,0.015111747,0.01902092,0.039236929,0.012766243,0.004087878,0.047278657,0.041883998,0.040242145,0.041225023,0.010152681,0.045000168,0.105983269,0.041236192,0.006142986,0.00430009,0.010811656,0.011582322,0.001384964,0.016697754,0.157662538,2.23E-05,0.01854065
GS019,238.1,Coastal,Caribbean Sea,Northeast of Colon,Panama,0.1 - 0.8,10.7164,-80.25444,1.7,3336,0.23,35.4,27.7,1/12/2004,0.000753361,0.09254752,0.00336115,0.115113584,0.075220213,0.023342605,0.013456189,0.019714882,0.03916319,0.011903106,0.003732035,0.046986555,0.040217895,0.041701437,0.040333797,0.010639777,0.045387112,0.101808067,0.04392675,0.006571627,0.004821511,0.011451089,0.011601762,0.001159017,0.017269356,0.157127955,,0.020688456
GS020,516.1,Fresh Water,Panama Canal,Lake Gatun,Panama,0.1 - 0.8,9.1644,-79.83611,2,4.2,,0.1,28.6,1/15/2004,0.000742079,0.092082339,0.004342776,0.120565271,0.067645351,0.02216558,0.010969865,0.022843131,0.041214429,0.011344131,0.004142737,0.051951991,0.036232819,0.039904498,0.040362651,0.008924308,0.041620959,0.096992966,0.054358908,0.004975156,0.001800348,0.009692198,0.012028134,0.000774343,0.017545331,0.163528425,,0.021249274
GS021,232.7,Coastal,Eastern Tropical Pacific,Gulf of Panama,Panama,0.1 - 0.8,8.1292,-79.69111,1.6,76,0.5,30.7,27.6,1/19/2004,0.000582808,0.087966867,0.004364863,0.123369377,0.061356084,0.023882744,0.015239819,0.013776598,0.038812559,0.017161847,0.004960071,0.04788949,0.043413025,0.039110163,0.042991419,0.011519766,0.047703487,0.100515847,0.042929418,0.006162889,0.002356034,0.0139006,0.012710183,0.001339219,0.017546253,0.159416696,8.68E-05,0.018935073
GS022,213.5,Open Ocean,Eastern Tropical Pacific,250 miles from Panama City,Panama,0.1 - 0.8,6.4928,-82.90389,2,2431,0.33,32.3,29.3,1/20/2004,0.000576088,0.094990591,0.0039046,0.119928821,0.066531819,0.023926875,0.014901489,0.012520323,0.03977571,0.012609937,0.004455084,0.049069937,0.042182479,0.040351798,0.043053013,0.009934326,0.046599158,0.102825394,0.04414118,0.006208954,0.003430927,0.011137711,0.011739403,0.001318603,0.016540141,0.158181097,,0.019164544
GS023,234.8,Open Ocean,Eastern Tropical Pacific,30 miles from Cocos Island,Costa Rica,0.1 - 0.8,5.64,-86.56528,2,1139,0.07,32.6,28.7,1/21/2004,0.000800671,0.090926151,0.004115947,0.116384972,0.073273867,0.021618105,0.014249434,0.013423742,0.040371311,0.012435415,0.003865738,0.049078603,0.043136127,0.042197841,0.042210351,0.010496291,0.044212028,0.101722693,0.043148637,0.006355323,0.004891597,0.010871605,0.011509639,0.001163474,0.017176886,0.160484406,3.75E-05,0.019841617
GS025,212.5,Fringing Reef,Eastern Tropical Pacific,"Dirty Rock, Cocos Island",Costa Rica,0.8 - 3,5.5528,-87.08778,1.1,30,0.11,31.4,28.3,1/28/2004,0.001189175,0.089959504,0.004467442,0.103940348,0.093912708,0.021758694,0.013305907,0.015941377,0.045220801,0.016616314,0.003471106,0.043195989,0.042521052,0.048499068,0.031722054,0.013852285,0.040914058,0.086649097,0.049141865,0.00498168,0.014398663,0.008967024,0.013048788,0.000771357,0.017034133,0.156103362,,0.018416147
GS026,178.9,Open Ocean,Galapagos Islands,134 miles NE of Galapagos,Ecuador,0.1 - 0.8,1.2642,-90.295,2,2386,0.22,32.6,27.8,2/1/2004,0.000585841,0.093674423,0.003469979,0.117498611,0.074687176,0.023433627,0.014976491,0.012482913,0.037448739,0.01042496,0.003560109,0.049481005,0.040032447,0.042856499,0.041579667,0.009839119,0.044719172,0.105886948,0.04335221,0.006474291,0.005167415,0.008862718,0.01216746,0.001096574,0.015907828,0.158762825,1.50E-05,0.021555933
GS027,388.3,Coastal,Galapagos Islands,"Devil's Crown, Floreana Island",Ecuador,0.1 - 0.8,-1.2161,-90.42278,2.2,2.3,0.4,34.9,25.5,2/4/2004,0.000714441,0.090607905,0.003915416,0.117770665,0.069377806,0.02246286,0.014695067,0.012467693,0.037641225,0.010513487,0.004342679,0.048329819,0.044582507,0.042306103,0.04145858,0.010464457,0.047685422,0.105204911,0.043314725,0.005890635,0.00371229,0.012649805,0.012740861,0.001379851,0.016474165,0.159180214,2.80E-05,0.020088395
GS028,333.4,Coastal,Galapagos Islands,Coastal Floreana,Ecuador,0.1 - 0.8,-1.2169,-90.31972,2,156,0.35,,,2/4/2004,0.000687126,0.092281838,0.004089641,0.118674095,0.066733999,0.020481319,0.015100213,0.012393102,0.040325184,0.010737377,0.0044539,0.047792505,0.043802207,0.041484192,0.041658043,0.009710828,0.047635211,0.106032634,0.045557276,0.006498721,0.00192892,0.012244087,0.012715969,0.001241794,0.01583701,0.159404932,3.31E-05,0.020464762
GS029,233.1,Coastal,Galapagos Islands,"North James Bay, Santigo Island",Ecuador,0.1 - 0.8,-0.2,-90.83528,2.1,12,0.4,34.5,26.2,2/8/2004,0.000836431,0.092913569,0.004309944,0.12383829,0.065322955,0.023187732,0.014521375,0.012476766,0.040357807,0.009421468,0.003996283,0.050546004,0.041984201,0.03990474,0.041763476,0.009793216,0.048025093,0.105309015,0.04186803,0.006145446,0.002195632,0.013057621,0.013882435,0.001545074,0.014893123,0.157725372,1.16E-05,0.020167286
GS030,635.6,Warm Seep,Galapagos Islands,"Warm seep, Roca Redonda",Ecuador,0.1 - 0.8,0.2722,-91.63333,19,19,,,26.9,2/9/2004,0.000802277,0.090460893,0.003918174,0.118783602,0.063782686,0.022157493,0.016368448,0.011844405,0.040639824,0.008791758,0.004720451,0.052264518,0.042031325,0.040583232,0.044042011,0.009257811,0.049015463,0.111330082,0.040410127,0.006837664,0.001248356,0.013082774,0.013265867,0.001165133,0.015293197,0.157389437,6.66E-06,0.020506333
GS031,758.5,Coastal upwelling,Galapagos Islands,"Upwelling, Fernandina Island",Ecuador,0.1 - 0.8,-0.3011,-91.65167,12,19.6,0.35,,18.6,2/10/2004,0.000802277,0.090460893,0.003918174,0.118783602,0.063782686,0.022157493,0.016368448,0.011844405,0.040639824,0.008791758,0.004720451,0.052264518,0.042031325,0.040583232,0.044042011,0.009257811,0.049015463,0.111330082,0.040410127,0.006837664,0.001248356,0.013082774,0.013265867,0.001165133,0.015293197,0.157389437,6.66E-06,0.020506333
GS032,254.1,Mangrove,Galapagos Islands,Mangrove on Isabella Island,Ecuador,0.1 - 0.8,-0.5939,-91.06944,0.1,1.6,,,25.4,2/11/2004,0.001015631,0.100423592,0.008199361,0.10831331,0.05578538,0.02088236,0.011754069,0.014070202,0.034184647,0.021055761,0.005251554,0.053209146,0.049542966,0.050125096,0.038631128,0.017327652,0.042198221,0.087790136,0.053407317,0.00567267,0.000544973,0.009995293,0.010156308,0.001399589,0.018937799,0.156778716,2.48E-05,0.023322351
GS033,1200.6,Hypersaline,Galapagos Islands,"Punta Cormorant, Hypersaline Lagoon, Floreana Island",Ecuador,0.1 - 0.8,-1.2283,-90.42917,0.2,0.3,,63.4,37.6,2/19/2004,0.000752913,0.083096236,0.007327855,0.119149084,0.068763558,0.025775463,0.011514846,0.019704948,0.03351332,0.01787609,0.00420687,0.042143242,0.042565669,0.039476986,0.039303046,0.013741281,0.044444224,0.093453137,0.049841342,0.004882752,0.002681165,0.010600417,0.012804489,0.001036187,0.023777635,0.167422479,0.000111819,0.020032949
GS034,233.6,Coastal,Galapagos Islands,North Seamore Island,Ecuador,0.1 - 0.8,-0.3831,-90.27972,2.1,35,0.36,,27.5,2/19/2004,0.000647272,0.089751147,0.003768046,0.120404082,0.078412335,0.02372944,0.014494261,0.012517771,0.039183051,0.009269854,0.004426876,0.04519343,0.039714738,0.041101749,0.041564086,0.010760891,0.045274339,0.10386398,0.043540576,0.00695817,0.007663234,0.011581539,0.012217252,0.001306102,0.016204908,0.157344799,,0.019106072
GS035,247,Coastal,Galapagos Islands,Wolf Island,Ecuador,0.1 - 0.8,1.3892,-91.81694,1.7,71,0.28,34.5,21.8,3/1/2004,0.000739783,0.087356834,0.004706092,0.115611213,0.06734703,0.022656981,0.014653059,0.011818708,0.037381345,0.018405455,0.005205223,0.050438968,0.051936361,0.037621997,0.037702215,0.010766968,0.0477294,0.098925977,0.042818307,0.006069789,0.002361959,0.014145015,0.015348278,0.001426089,0.018441107,0.159062347,5.35E-05,0.019270021
GS036,138,Coastal,Galapagos Islands,"Cabo Marshall, Isabella Island",Ecuador,0.1 - 0.8,-0.0208,-91.19778,2.1,67,0.65,34.6,25.8,3/2/2004,0.000850467,0.094082878,0.004252333,0.123657857,0.06567729,0.021899517,0.016328961,0.01313971,0.041290158,0.011417515,0.005336679,0.050262582,0.041502775,0.041460251,0.042565858,0.00944018,0.046307911,0.099504603,0.046222865,0.00574065,0.002870325,0.01135373,0.013628729,0.001233177,0.015223354,0.153466715,2.13E-05,0.021261667
GS038,0.9,Open Ocean,Tropical South Pacific,Tropical South Pacific,International,0.1 - 0.8,-2.5819,-97.85139,1.8,>4000,,,28.4,3/18/2004,,0.099056604,,0.106132075,0.054245283,0.023584906,0.018867925,,0.049528302,0.014150943,0.004716981,0.063679245,0.033018868,0.049528302,0.051886792,0.023584906,0.037735849,0.073113208,0.047169811,,0.004716981,0.021226415,0.009433962,0.004716981,0.014150943,0.186320755,,0.009433962
GS039,0.9,Open Ocean,Tropical South Pacific,Tropical South Pacific,International,0.1 - 0.8,-3.3433,-101.37389,2,>4000,,,28.6,3/19/2004,,0.083495146,0.003883495,0.116504854,0.07184466,0.025242718,0.009708738,0.00776699,0.017475728,0.013592233,0.003883495,0.062135922,0.033009709,0.050485437,0.040776699,0.011650485,0.058252427,0.104854369,0.031067961,0.003883495,,0.00776699,0.013592233,0.003883495,0.023300971,0.182524272,,0.019417476
GS040,0.9,Open Ocean,Tropical South Pacific,Tropical South Pacific,International,0.1 - 0.8,-4.4989,-105.07,2.2,>4000,,,27.8,3/20/2004,,0.112866817,0.004514673,0.094808126,0.063205418,0.015801354,0.009029345,0.009029345,0.058690745,0.006772009,0.006772009,0.031602709,0.027088036,0.060948081,0.063205418,0.011286682,0.042889391,0.112866817,0.063205418,,0.013544018,0.006772009,0.018058691,0.002257336,0.011286682,0.139954853,,0.013544018
GS041,0.8,Open Ocean,Tropical South Pacific,Tropical South Pacific,International,0.1 - 0.8,-5.93,-108.68694,2,>4000,,35,28,3/21/2004,,0.084541063,0.002415459,0.147342995,0.079710145,0.024154589,0.009661836,0.007246377,0.057971014,0.007246377,0.009661836,0.04589372,0.06763285,0.033816425,0.033816425,0.004830918,0.031400966,0.084541063,0.026570048,0.012077295,0.004830918,0.016908213,0.009661836,,0.014492754,0.173913043,,0.009661836
GS042,0.9,Open Ocean,Tropical South Pacific,Tropical South Pacific,International,0.1 - 0.8,-7.1075,-116.11917,1.7,>4000,,,27.6,3/23/2004,0.002487562,0.10199005,0.009950249,0.106965174,0.087064677,0.012437811,0.009950249,0.014925373,0.029850746,0.009950249,0.002487562,0.047263682,0.024875622,0.019900498,0.049751244,0.004975124,0.052238806,0.109452736,0.037313433,0.007462687,0.004975124,0.017412935,0.02238806,,0.02238806,0.156716418,,0.034825871
GS043,0.9,Open Ocean,Tropical South Pacific,Tropical South Pacific,International,0.1 - 0.8,-7.6611,-120.40222,1.9,>4000,,35.9,27.6,3/25/2004,,0.088888889,0.004444444,0.104444444,0.073333333,0.015555556,0.02,0.006666667,0.026666667,0.008888889,0.006666667,0.073333333,0.055555556,0.04,0.028888889,0.022222222,0.044444444,0.131111111,0.026666667,0.011111111,0.006666667,0.008888889,0.011111111,0.004444444,0.024444444,0.135555556,,0.02
GS044,0.8,Open Ocean,Tropical South Pacific,600 miles from F. Polynesia,International,0.1 - 0.8,-8.415,-124.23972,2,>4000,,,27.6,3/26/2004,,0.097065463,,0.128668172,0.076749436,0.029345372,0.004514673,0.004514673,0.047404063,0.006772009,,0.040632054,0.045146727,0.054176072,0.054176072,0.018058691,0.042889391,0.101580135,0.042889391,0.006772009,0.002257336,0.011286682,0.022573363,0.002257336,0.009029345,0.144469526,,0.006772009
GS045,0.9,Open Ocean,Tropical South Pacific,400 miles from F. Polynesia,International,0.1 - 0.8,-9.0175,-127.76722,1.7,>4000,,37,28.3,3/26/2004,,0.114345114,0.002079002,0.137214137,0.076923077,0.024948025,0.008316008,0.014553015,0.054054054,0.012474012,,0.051975052,0.033264033,0.041580042,0.018711019,0.016632017,0.031185031,0.108108108,0.022869023,0.008316008,0.008316008,0.014553015,0.006237006,,0.01039501,0.164241164,,0.018711019
GS046,0.7,Open Ocean,Tropical South Pacific,300 miles from F. Polynesia,International,0.1 - 0.8,-9.5711,-131.49167,1.9,>4000,,35.3,28.7,3/27/2004,,0.109223301,0.004854369,0.143203883,0.063106796,0.038834951,0.016990291,0.012135922,0.029126214,,0.007281553,0.075242718,0.029126214,0.02184466,0.026699029,0.02184466,0.02184466,0.121359223,0.04368932,0.004854369,,0.004854369,0.004854369,,0.016990291,0.145631068,,0.036407767
GS048a,182.7,Coral Reef,Polynesia Archipelagos,"Moorea, Cooks Bay",Fr. Polynesia,0.1 - 0.8,-17.4758,-149.81222,1.4,34,0.095,35.1,28.9,5/17/2004,0.000857441,0.087626752,0.005424247,0.118215031,0.068818968,0.024325231,0.014800179,0.013849538,0.036944527,0.015005219,0.004622726,0.04663734,0.048594542,0.040057411,0.040206531,0.011594095,0.045463018,0.102128691,0.044325977,0.006449448,0.003168804,0.011761855,0.011724575,0.001230242,0.019982106,0.156725321,5.59E-05,0.019404265
GS049,186.7,Coastal,Polynesia Archipelagos,"Moorea, Outside Cooks Bay",Fr. Polynesia,0.1 - 0.8,-17.4531,-149.79889,1.4,900,0.095,32.6,28.8,5/18/2004,0.000854265,0.090304091,0.004119762,0.111674497,0.080480042,0.022734475,0.014095375,0.014481172,0.03448751,0.014191824,0.003816636,0.048197087,0.044821362,0.041996776,0.040150461,0.011449908,0.043595078,0.098474723,0.044614685,0.006255425,0.006448324,0.009396916,0.011243231,0.001033385,0.018394257,0.161180539,,0.021508191
GS050,1.2,Coral Atoll,Polynesia Archipelagos,Tikehau Lagoon,Fr. Polynesia,0.1 - 0.8,-15.2778,-148.22444,1.2,24,,,27.8,5/19/2004,0.00257732,0.06185567,0.005154639,0.115979381,0.054123711,0.023195876,0.012886598,0.025773196,0.059278351,0.010309278,,0.036082474,0.046391753,0.046391753,0.018041237,0.005154639,0.06443299,0.118556701,0.043814433,0.007731959,0.005154639,0.005154639,0.025773196,,0.033505155,0.164948454,,0.007731959
GS051,163.6,Coral Reef Atoll,Polynesia Archipelagos,Rangirora Atoll,Fr. Polynesia,0.1 - 0.8,-15.1436,-147.435,1,10,,34.2,27.3,5/22/2004,0.000874245,0.092997842,0.003783843,0.123705707,0.065527416,0.02807147,0.014739229,0.013755703,0.043398082,0.013905964,0.00495861,0.046785783,0.036690982,0.039887441,0.043193181,0.008715133,0.045651996,0.104786493,0.046949704,0.005723575,0.003442341,0.011938912,0.012212114,0.001229407,0.015422233,0.151585936,2.73E-05,0.020039341
GS108a,75.3,Lagoon Reef,Indian Ocean,"Coccos Keeling, Inside Lagoon",Australia,0.1 - 0.8,-12.0925,96.88167,1.8,7,0.108,32.4,25.8,8/4/2005,0.00081694,0.089307888,0.0040847,0.118358277,0.075844716,0.024410169,0.014051369,0.015913993,0.036304817,0.011600549,0.003921312,0.047284491,0.040291484,0.038886347,0.04061826,0.009705248,0.046957715,0.106692373,0.042742304,0.006045357,0.003921312,0.013920659,0.011731259,0.001829946,0.016861643,0.156852493,3.27E-05,0.021011699
GS108b,76.9,Lagoon Reef,Indian Ocean,"Coccos Keeling, Inside Lagoon",Australia,0.8 - 3,-12.0925,96.88167,1.8,7,0.108,32.4,25.8,8/4/2005,0.000480706,0.090023161,0.00463226,0.109775816,0.08137045,0.019665254,0.015644802,0.01630031,0.032688022,0.009745226,0.004807062,0.045448586,0.051348162,0.048944631,0.038237993,0.01009483,0.050430451,0.085784207,0.042520649,0.007123192,0.006380282,0.015295197,0.013328672,0.001398418,0.02014596,0.160075165,0.000174802,0.018135734
GS110a,145.5,Open Ocean,Indian Ocean,Indian Ocean,International,0.1 - 0.8,-10.4461,88.30278,1.5,1220,0.128,32.7,27,8/6/2005,0.000516639,0.093404831,0.003171097,0.121926887,0.07662296,0.024371125,0.013165396,0.013254472,0.040511651,0.009709257,0.004364712,0.049383596,0.039282406,0.043112663,0.040636357,0.010332787,0.04396779,0.102953752,0.041990309,0.006146227,0.004542863,0.010742535,0.010974132,0.001443027,0.01539229,0.157753153,1.78E-05,0.020309271
GS110b,76.3,Open Ocean,Indian Ocean,Indian Ocean,International,0.8 - 3,-10.4461,88.30278,1.5,1220,0.128,32.7,27,8/6/2005,0.00140007,0.097234862,0.003850193,0.104095205,0.090374519,0.022261113,0.015890795,0.013650683,0.041862093,0.012320616,0.003710186,0.040882044,0.047882394,0.052852643,0.031781589,0.014700735,0.043682184,0.083374169,0.04739237,0.005740287,0.011830592,0.008260413,0.012320616,0.000910046,0.015260763,0.157857893,,0.018620931
GS112a,147.3,Open Ocean,Indian Ocean,Indian Ocean,International,0.1 - 0.8,-8.505,80.37556,1.8,4573,0.134,32.5,26.6,8/8/2005,0.000898981,0.092844776,0.00347939,0.118199374,0.074931744,0.024788573,0.013518013,0.013967503,0.039055737,0.010654591,0.00416195,0.047978957,0.039505227,0.041053473,0.043633882,0.010404874,0.044199907,0.107811147,0.042368649,0.006026503,0.004195245,0.011603516,0.011253912,0.001381767,0.016298195,0.154624759,1.66E-05,0.021142705
GS113,167.9,Open Ocean,Indian Ocean,Indian Ocean,International,0.1 - 0.8,-7.0075,76.33139,1.8,4573,0.24,33.3,27.5,8/9/2005,0.000941937,0.092928441,0.003261634,0.120596092,0.072008998,0.024363841,0.014536764,0.013201181,0.038774076,0.011120484,0.004653451,0.047645157,0.041557711,0.0414593,0.042274708,0.010319134,0.045128638,0.105862505,0.04134683,0.006340503,0.003388163,0.011134542,0.01263883,0.001349642,0.016026993,0.156755237,,0.02038521
GS114,517,Open Ocean,Indian Ocean,500 Miles west of the Seychelles in the Indian Ocean,International,0.1 - 0.8,-4.9903,64.97667,1.5,3649,0.14,33.1,28.2,8/15/2005,0.00078339,0.094588203,0.003626259,0.118794466,0.074022979,0.024427977,0.014470547,0.014283321,0.039790308,0.011253227,0.004099249,0.048279498,0.038238308,0.041504897,0.042569126,0.010371297,0.04388463,0.106472084,0.043160363,0.006474055,0.004049979,0.010110167,0.010952681,0.001074082,0.016047181,0.155520191,2.46E-05,0.021126899
GS117a,503.1,Coastal sample,Indian Ocean,"St. Anne Island, Seychelles",Seychelles,0.1 - 0.8,-4.6136,55.50861,1.8,14,0.206,35.5,26.4,9/9/2005,0.000851093,0.093899033,0.003844592,0.123413372,0.066747211,0.02297951,0.015309891,0.012727264,0.041101921,0.010604423,0.004837534,0.04994057,0.039306799,0.039962239,0.043361719,0.009684851,0.047240551,0.106655645,0.042808998,0.006163087,0.002029906,0.011577799,0.011807692,0.001369575,0.015539784,0.15595545,5.38E-05,0.020225686
GS119,94.6,Open Ocean,Indian Ocean,International Water Outside of Reunion Island,International,0.1 - 0.8,-23.2161,52.30611,2,2995,0.078,35.4,23.8,9/26/2005,0.000499488,0.089733024,0.003271647,0.115906196,0.080267726,0.022951475,0.014435204,0.012886791,0.039384631,0.008990784,0.003271647,0.050373367,0.039184836,0.040033965,0.041757199,0.010489249,0.046377463,0.108688594,0.042731201,0.006118728,0.004720162,0.010514223,0.01168802,0.001448515,0.014709922,0.157613446,,0.021952499
GS120,66.9,Open Ocean,Indian Ocean,Madagascar Waters,Madagascar,0.1 - 0.8,-26.035,50.12306,2.8,5081,0.117,35.6,22.5,9/27/2005,0.000539957,0.098416127,0.003203744,0.116306695,0.078833693,0.023326134,0.014110871,0.014506839,0.037544996,0.007019438,0.004103672,0.046724262,0.036897048,0.040856731,0.042152628,0.01061915,0.044276458,0.108639309,0.041540677,0.007091433,0.006515479,0.008927286,0.011267099,0.001115911,0.016486681,0.158063355,,0.020914327
GS121,173.9,Open Ocean,Indian Ocean,International water between Madagascar and South Africa,International,0.1 - 0.8,-29.3489,43.21556,1.5,4309,0.14,35.4,23.1,9/29/2005,0.000587238,0.092276482,0.003670239,0.119155978,0.0755135,0.023849881,0.014814419,0.013693328,0.038290603,0.010316708,0.003510083,0.047192601,0.039264884,0.040506093,0.04269489,0.009943011,0.04567112,0.107691486,0.041026599,0.006513006,0.003963858,0.010770483,0.01194496,0.001067706,0.015748662,0.15995569,1.33E-05,0.020353144
GS122a,155.8,Open Ocean,Indian Ocean,International waters between Madagascar and South Africa,International,0.1 - 0.8,-30.8983,40.42028,1.9,4921,0.151,35.8,20.2,9/30/2005,0.000792468,0.090293847,0.003122325,0.116714743,0.077059625,0.023694805,0.014407075,0.014216883,0.038450566,0.009129236,0.003534409,0.049022094,0.039417377,0.041683837,0.04160459,0.010048499,0.045249945,0.108219482,0.041763084,0.006418994,0.004184233,0.010730022,0.013091578,0.001378895,0.014692364,0.160633341,1.58E-05,0.020429835
GS122b,77.7,Open Ocean,Indian Ocean,International waters between Madagascar and South Africa,International,0.8 - 3,-30.8983,40.42028,1.9,4921,0.151,35.8,20.2,9/30/2005,0.000944699,0.093597849,0.003633457,0.106532955,0.09352518,0.022527433,0.015696534,0.014969842,0.035898554,0.008938304,0.003415449,0.040622048,0.044764189,0.051304411,0.034227164,0.011990408,0.043528813,0.097085968,0.041639416,0.007630259,0.011045709,0.007412252,0.010755032,0.000508684,0.017876608,0.160671463,,0.019257321
GS123,169,Open Ocean,Indian Ocean,International water between Madagascar and South Africa,International,0.1 - 0.8,-32.3992,36.59194,2.2,1860,0.228,35.8,20.4,10/1/2005,0.000658623,0.090946035,0.003839632,0.121214669,0.068987262,0.024831491,0.01523241,0.013060355,0.038424349,0.010537969,0.003741539,0.047154608,0.040386205,0.041759504,0.042866552,0.010425863,0.048289682,0.107243452,0.039531397,0.006291952,0.002718572,0.012976276,0.014055296,0.001373299,0.015736887,0.158517958,,0.019198161
GS148,148.4,Fringing Reef,Indian Ocean,"East coast Zanzibar (Tanzania), offshore Paje lagoon",Tanzania,0.1 - 0.8,-6.3167,39.55,0.3,1,,,,9/11/2005,0.000545962,0.091986835,0.003447361,0.11979971,0.067886502,0.022743226,0.014850172,0.013165489,0.036532672,0.00939055,0.004742072,0.045970019,0.044129346,0.04306862,0.044456924,0.010186095,0.048309857,0.105542296,0.04147753,0.006863525,0.003821736,0.011527602,0.012447939,0.001076326,0.018188341,0.15867222,1.56E-05,0.019155474
GS149,152.6,Harbor,Indian Ocean,"West coast Zanzibar (Tanzania), harbour region",Tanzania,0.1 - 0.8,-6.1167,39.11667,1.5,5,,,,9/12/2005,0.000824684,0.092023319,0.003583108,0.123560358,0.067055311,0.023119579,0.01576852,0.013209157,0.038646381,0.009739798,0.004294042,0.0440637,0.042670269,0.040181999,0.043580264,0.009455424,0.047845869,0.108474335,0.041490118,0.007038248,0.003611546,0.011062136,0.012555097,0.001180151,0.017943978,0.157912697,,0.01910991
GS037,80.2,Open Ocean,Eastern Tropical Pacific,Equatorial Pacific TAO Buoy,International,0.1 - 0.8,-1.9739,-95.01472,1.8,3334,0.21,,28,3/17/2004,,,,,,,,,,,,,,,,,,,,,,,,,,,,
GS047,80.3,Open Ocean,Tropical South Pacific,201 miles from F. Polynesia,Fr. Polynesia,0.1 - 0.8,-10.1314,-135.44944,30,2400,,37.3,28.6,3/28/2004,,,,,,,,,,,,,,,,,,,,,,,,,,,,
GS048b,97.9,Coral Reef,Polynesia Archipelagos,"Moorea, Cooks Bay",Fr. Polynesia,0.8 - 3,-17.4758,-149.81222,1.4,34,0.095,35.1,28.9,5/17/2004,,,,,,,,,,,,,,,,,,,,,,,,,,,,
GS109,89.8,Open Ocean,Indian Ocean,Indian Ocean,International,0.1 - 0.8,-10.9436,92.05889,1.5,4573,0.138,32.6,27.2,8/5/2005,,,,,,,,,,,,,,,,,,,,,,,,,,,,
GS111,88.9,Open Ocean,Indian Ocean,Indian Ocean,International,0.1 - 0.8,-9.5969,84.1975,1.8,3841,0.203,32.3,26.4,8/7/2005,,,,,,,,,,,,,,,,,,,,,,,,,,,,
GS112b,79.5,Open Ocean,Indian Ocean,Indian Ocean,International,0.8 - 3,-8.505,80.37556,1.8,4573,0.134,32.5,26.6,8/8/2005,,,,,,,,,,,,,,,,,,,,,,,,,,,,
GS115,91.9,Open Ocean,Indian Ocean,Indian Ocean,International,0.1 - 0.8,-4.6625,60.52306,1.5,3220,0.142,33.2,27.9,8/16/2005,,,,,,,,,,,,,,,,,,,,,,,,,,,,
GS116,93,Open Ocean,Indian Ocean,"Outside Seychelles, Indian Ocean",Seychelles,0.1 - 0.8,-4.635,56.83611,1.5,2150,0.287,33.1,26.2,8/17/2005,,,,,,,,,,,,,,,,,,,,,,,,,,,,
GS117b,78.6,Coastal sample,Indian Ocean,"St. Anne Island, Seychelles",Seychelles,0.8 - 3,-4.6136,55.50861,1.8,14,0.206,35.5,26.4,9/9/2005,,,,,,,,,,,,,,,,,,,,,,,,,,,,
